last name,url
djokovic,https://res.cloudinary.com/dx5ha1ecm/image/upload/v1654618313/uirmdd5nrfriua6dvy0u.png
medvedev,https://res.cloudinary.com/dx5ha1ecm/image/upload/v1654618314/xzrtrxgqlveprpewzutw.png
zverev,https://res.cloudinary.com/dx5ha1ecm/image/upload/v1654618315/evebzmj9qtsah2nkjs5h.png
tsitsipas,https://res.cloudinary.com/dx5ha1ecm/image/upload/v1654618317/w5dckzh6y1tv6myfmeny.png
nadal,https://res.cloudinary.com/dx5ha1ecm/image/upload/v1654618318/nczkriexgnl2waookbio.png
alcaraz,https://res.cloudinary.com/dx5ha1ecm/image/upload/v1654618319/uaq3dgeqrxxfgrg9036o.png
rublev,https://res.cloudinary.com/dx5ha1ecm/image/upload/v1654618320/qrrdenq5gjzjlxdf0idy.png
ruud,https://res.cloudinary.com/dx5ha1ecm/image/upload/v1654618321/vmzmomyxcqp6rrsbrwks.png
auger-aliassime,https://res.cloudinary.com/dx5ha1ecm/image/upload/v1654618322/gupp6nggcwg6gugj4czv.png
berrettini,https://res.cloudinary.com/dx5ha1ecm/image/upload/v1654618323/hffw77xar094tcjrbtu5.png
norrie,https://res.cloudinary.com/dx5ha1ecm/image/upload/v1654618324/dgdpkze5png5xmebhmxo.png
sinner,https://res.cloudinary.com/dx5ha1ecm/image/upload/v1654618326/ac9bqpx2aktjwtfb0wgs.png
hurkacz,https://res.cloudinary.com/dx5ha1ecm/image/upload/v1654618327/wzydaximdxnnuj2tqhl1.png
fritz,https://res.cloudinary.com/dx5ha1ecm/image/upload/v1654618328/za0lo5zdfd8w7x7pnslj.png
shapovalov,https://res.cloudinary.com/dx5ha1ecm/image/upload/v1654618329/f8jxpfuxtsrmo5plpfgu.png
schwartzman,https://res.cloudinary.com/dx5ha1ecm/image/upload/v1654618330/ooqhvtrpsye4h0ggicsm.png
opelka,https://res.cloudinary.com/dx5ha1ecm/image/upload/v1654618331/d8fnfah3awpsjtfno2vg.png
carreno-busta,https://res.cloudinary.com/dx5ha1ecm/image/upload/v1654618332/cugocowzbjxdjjp2ubj9.png
bautista-agut,https://res.cloudinary.com/dx5ha1ecm/image/upload/v1654618333/ikyqtvc1infxxn01vwno.png
de-minaur,https://res.cloudinary.com/dx5ha1ecm/image/upload/v1654618334/f4ekoage1oujyzumjw4t.png
dimitrov,https://res.cloudinary.com/dx5ha1ecm/image/upload/v1654618335/mrxsjw3rzbgqu2muympp.png
monfils,https://res.cloudinary.com/dx5ha1ecm/image/upload/v1654618337/m5kzdivffqxbwntzggbh.png
cilic,https://res.cloudinary.com/dx5ha1ecm/image/upload/v1654618338/f0xrxntt0sjtamyob40w.png
basilashvili,https://res.cloudinary.com/dx5ha1ecm/image/upload/v1654618339/btlhah1xdyk7bb6ujxrk.png
khachanov,https://res.cloudinary.com/dx5ha1ecm/image/upload/v1654618340/lv8mycnfpv15zqnszoen.png
isner,https://res.cloudinary.com/dx5ha1ecm/image/upload/v1654618341/xemqgfdnektowmhipe8h.png
tiafoe,https://res.cloudinary.com/dx5ha1ecm/image/upload/v1654618342/ezdozajiboon3acprqgn.png
davidovich-fokina,https://res.cloudinary.com/dx5ha1ecm/image/upload/v1654618343/aj8jv35u2a88bujjmclx.png
van-de-zandschulp,https://res.cloudinary.com/dx5ha1ecm/image/upload/v1654618344/ec18vii0qn2rnuw7mllm.png
korda,https://res.cloudinary.com/dx5ha1ecm/image/upload/v1654618345/jlgdh6cteo94pcznmjbf.png
kecmanovic,https://res.cloudinary.com/dx5ha1ecm/image/upload/v1654618346/qsgiv5isacbzyfuuk4sj.png
evans,https://res.cloudinary.com/dx5ha1ecm/image/upload/v1654618347/rv3uip1ve2tpplnar5gs.png
paul,https://res.cloudinary.com/dx5ha1ecm/image/upload/v1654618348/wdknnwtjn1ri9bzm0ypa.png
brooksby,https://res.cloudinary.com/dx5ha1ecm/image/upload/v1654618349/mtlc4cktlhostcwy9rk1.png
sonego,https://res.cloudinary.com/dx5ha1ecm/image/upload/v1654618350/xwdy0fegpp9wyq4c9box.png
baez,https://res.cloudinary.com/dx5ha1ecm/image/upload/v1654618351/qboomanihrgiponxdfco.png
garin,https://res.cloudinary.com/dx5ha1ecm/image/upload/v1654618352/jqemgxj8ldlfgkvhaxdv.png
molcan,https://res.cloudinary.com/dx5ha1ecm/image/upload/v1654618354/e9jzzbeol9ntd9ioocus.png
harris,https://res.cloudinary.com/dx5ha1ecm/image/upload/v1654618355/zrsuq85ynemasd0mmlzz.png
rune,https://res.cloudinary.com/dx5ha1ecm/image/upload/v1654618356/zr07cck5tw6g6ayuqm7y.png
karatsev,https://res.cloudinary.com/dx5ha1ecm/image/upload/v1654618357/avqfgobr9ykqvvauejgi.png
bublik,https://res.cloudinary.com/dx5ha1ecm/image/upload/v1654618358/w2839zuwl8szrxqllqla.png
martinez,https://res.cloudinary.com/dx5ha1ecm/image/upload/v1654618359/e6hlojro0za52ijk81xo.png
ramos-vinolas,https://res.cloudinary.com/dx5ha1ecm/image/upload/v1654618360/sq8ofnaeztyxdxhtoi6j.png
cerundolo,https://res.cloudinary.com/dx5ha1ecm/image/upload/v1654618362/fqdq9dkpzzgtp4vwu0yi.png
humbert,https://res.cloudinary.com/dx5ha1ecm/image/upload/v1654618363/rgmrczldzdqcluf3rmhm.png
federer-r.,https://res.cloudinary.com/dx5ha1ecm/image/upload/v1654618364/s6yqitdplqz0uzistg6u.png
goffin,https://res.cloudinary.com/dx5ha1ecm/image/upload/v1654618365/qucwuo8wfrgbfush75w1.png
giron,https://res.cloudinary.com/dx5ha1ecm/image/upload/v1654618366/w9bhlzcyqjhiraixu0ck.png
ivashka,https://res.cloudinary.com/dx5ha1ecm/image/upload/v1654618368/arsojneejsingrh95jai.png
